created_at,server,title,version,repository,transports,description
2026-10-04T06:22:21.72333Z,io.github.TheCompanyAtlas/india-company,India Company & Director Data,1.1.0,https://github.com/TheCompanyAtlas/india-company-mcp,streamable-http,Indian company registry research and director-related company due diligence.
2026-10-04T06:22:39.533853Z,io.github.uditk2/review-assist-mcp,,1.0.6,https://github.com/uditk2/review-assist,,"Turns an AI coding agent session into a reviewable Intent Document, validated against the diff."
2026-10-04T06:22:41.379753Z,com.pixharvest/gov-contract-radar,GovContract Radar,1.0.0,https://github.com/contentforge-press/us-tariff-data,streamable-http,"US federal contract opportunities: NAICS-filtered solicitations, set-aside alerts, deadlines."
2026-10-04T06:23:36.150917Z,io.github.AdLiftr/adliftr,"AdLiftr: Meta (Facebook & Instagram), TikTok, Google Ads & Snapchat",1.0.0,,streamable-http,"Launch campaigns, manage ads and analyze performance across Meta, TikTok, Google Ads and Snapchat."
2026-10-04T06:24:59.344761Z,io.github.cyanheads/brapi-mcp-server,,0.8.1,https://github.com/cyanheads/brapi-mcp-server,streamable-http,"Collaborative BrAPI v2.1 MCP workspace — studies, germplasm, genotypes across Breedbase, T3, more."
2026-10-04T06:25:04.21084Z,io.github.cyanheads/openfda-mcp-server,,0.8.0,https://github.com/cyanheads/openfda-mcp-server,streamable-http,"Query FDA data on drugs, food, devices, and recalls via openFDA. STDIO or Streamable HTTP."
2026-10-04T06:25:26.908084Z,io.github.haraldrohan/amtsblick,Amtsblick,0.1.0-beta,https://github.com/haraldrohan/Amtsblick,,"Wetter und Pegel je Gemeinde in Österreich. Privates Projekt, kein offizielles Behördenangebot."
2026-10-04T06:28:25.972145Z,io.github.cyanheads/unhcr-refugees-mcp-server,,0.1.2,https://github.com/cyanheads/unhcr-refugees-mcp-server,streamable-http,"Query UNHCR refugee, IDP, and stateless populations, asylum decisions, returns, and resettlement."
2026-10-04T06:28:27.409819Z,io.github.cyanheads/federal-reserve-mcp-server,,0.2.5,https://github.com/cyanheads/federal-reserve-mcp-server,,Search and fetch ~800K Federal Reserve economic time-series from the FRED API via MCP.
2026-10-04T06:28:54.220254Z,io.github.cyanheads/paleobiology-mcp-server,,0.3.7,https://github.com/cyanheads/paleobiology-mcp-server,streamable-http,"Search fossil occurrences, taxon ranges, diversity through deep time, and the geologic time scale."
2026-10-04T06:29:16.452031Z,io.github.priors-agents/priors-read,"Priors (hosted, read-only)",0.3.0,,streamable-http,"Credit records and scores of ERC-8004 AI agents on Robinhood Chain, from Priors. No key needed."
2026-10-04T06:29:51.096424Z,io.github.cyanheads/eia-energy-mcp-server,,0.4.3,https://github.com/cyanheads/eia-energy-mcp-server,streamable-http,"Browse and query the EIA API v2 — electricity, petroleum, natural gas, coal, forecasts via MCP."
2026-10-04T06:29:55.249225Z,io.github.cyanheads/ilostat-mcp-server,,0.1.2,https://github.com/cyanheads/ilostat-mcp-server,streamable-http,"Search ILOSTAT labour indicators, query and compare series, build country profiles, run SQL."
2026-10-04T06:31:18.315769Z,cloud.wavehouse/mcp,WaveHouse Cloud,1.1.0,,streamable-http,"Browse, query, and administer your managed WaveHouse + ClickHouse projects (schema, pipes, policy)."
2026-10-04T06:35:28.97333Z,io.github.cyanheads/fema-mcp-server,,0.3.2,https://github.com/cyanheads/fema-mcp-server,streamable-http,"Query FEMA disaster declarations, public assistance grants, housing aid, and NFIP claims."
2026-10-04T06:38:12.506923Z,ai.roote/mcp,ROOTE,0.1.0,https://github.com/Delavatitude/roote-mcp,streamable-http,"Mobility, geocoding and nearby urban services for AI agents."
2026-10-04T06:39:43.34155Z,com.adliftr/adliftr,"AdLiftr: Meta (Facebook & Instagram), TikTok, Google Ads & Snapchat",1.0.0,,streamable-http,"Launch campaigns, manage ads and analyze performance across Meta, TikTok, Google Ads and Snapchat."
2026-10-04T06:39:50.028668Z,io.github.bompus/swarmail,Swarmail,0.1.0,https://github.com/bompus/swarmail,,Local mail between coding-agent sessions on one machine; relays to a running Swarmail server.
2026-10-04T06:40:11.462988Z,com.cars-data/car-specs-api,cars-data.com — Car Specs API,1.0.2,https://github.com/mariusmmmmm/car-specs-api,streamable-http,"Search, compare & filter 102,191 European car variants — 180 specs, 19 languages, EV data."
2026-10-04T06:43:44.491926Z,io.github.cyanheads/treasury-fiscaldata-mcp-server,,0.2.0,https://github.com/cyanheads/treasury-fiscaldata-mcp-server,streamable-http,"Query US Treasury national debt, interest rates, exchange rates, and fiscal datasets via MCP."
2026-10-04T06:45:06.691655Z,io.github.sharathkum05/hamilton-harness,Hamilton Harness,0.1.1,,,"Manage your Hamilton Harness AI rep: knowledge, rules, orders, tests and conversations."
2026-10-04T06:48:01.374307Z,com.gopathwize/pathwize,Pathwize,1.0.0,,streamable-http,"Run data annotation and evaluation tasks with vetted domain experts: create, publish, get results."
2026-10-04T06:48:18.167484Z,io.github.KG-NINJA/kg-agent-exchange,KG Agent Exchange,0.3.0,,streamable-http,"Remote MCP to publish, search, and get information. x402 v2 required."
2026-10-04T06:58:22.656479Z,io.github.majiayu000/keyspoor,Keyspoor,0.1.3,https://github.com/majiayu000/keyspoor,,Offline secret scanning for AI agents. Redacted findings; scans text and files in a chosen root.
2026-10-04T07:02:20.845576Z,io.github.Digital-Threads/token-pilot,,0.53.1,https://github.com/Digital-Threads/token-pilot,,Save up to 80% tokens when AI reads code via AST-aware structural reading
2026-10-04T07:04:41.666183Z,com.coppica/persuasion-taxonomy,Persuasion Taxonomy,1.0.0,https://github.com/Otha-Labs/persuasion-mcp,streamable-http,"Plan and check marketing copy against the nine questions every reader asks. Free, no API key."
2026-10-04T07:08:25.137514Z,io.github.bruchris/canvas-lms-mcp,,1.31.0,https://github.com/bruchris/canvas-lms-mcp,,TypeScript MCP server for Canvas LMS — 167 tools across 42 domains.
2026-10-04T07:08:50.293062Z,io.github.cyanheads/eurostat-mcp-server,,0.9.0,https://github.com/cyanheads/eurostat-mcp-server,streamable-http,"Search and query the Eurostat catalogue — EU economy, demography, trade, and NUTS regional data."
2026-10-04T07:11:25.977958Z,io.github.Warppay402/warppay-mcp,WarpPay402 MCP Gateway,1.0.11,https://github.com/Warppay402/warppay-mcp,,"Pay-per-use AI tools monetized via x402 USDC micropayments on Base, Solana, and Arc."
2026-10-04T07:11:43.820386Z,io.github.masko-ai/masko,Masko,0.1.0,,streamable-http,"Create mascots, animate artwork, and integrate transparent animations into apps and websites."
2026-10-04T07:13:18.773269Z,app.lumaion/continuity,Lumaion Continuity,0.6.0,,streamable-http,"Agent continuity: live continuity index, self-test contract, offline Continuity Proof verification."
2026-10-04T07:17:17.973566Z,io.github.cyanheads/usgs-water-mcp-server,,0.3.0,https://github.com/cyanheads/usgs-water-mcp-server,streamable-http,"Query real-time and historical USGS water data from ~8,000 stream gages and groundwater wells."
